,NAME,year,month,Min_Infections,Max_Infections,New Cases,date,Code,STATE,POPESTIMATE2020,New Cases Per 100000
0,Alabama,2020,3,6,999,993,03/28/2020,AL,1,4921532,20.176644183152725
1,Alabama,2020,4,1108,7068,5960,04/28/2020,AL,1,4921532,121.10050285155111
2,Alabama,2020,5,7294,17952,10658,05/28/2020,AL,1,4921532,216.5585837905758
3,Alabama,2020,6,18534,38045,19511,06/28/2020,AL,1,4921532,396.4415958282909
4,Alabama,2020,7,38962,87723,48761,07/28/2020,AL,1,4921532,990.7687281114905
5,Alabama,2020,8,89349,126058,36709,08/28/2020,AL,1,4921532,745.8856307344948
6,Alabama,2020,9,127616,154701,27085,09/28/2020,AL,1,4921532,550.3367650560842
7,Alabama,2020,10,155744,192285,36541,10/28/2020,AL,1,4921532,742.472059513176
8,Alabama,2020,11,193985,249524,55539,11/28/2020,AL,1,4921532,1128.490071790654
9,Alabama,2020,12,252900,361226,108326,12/28/2020,AL,1,4921532,2201.0625959558934
10,Alabama,2021,1,365747,459639,93892,01/28/2021,AL,1,4921532,1907.779935190912
11,Alabama,2021,2,460860,493252,32392,02/28/2021,AL,1,4921532,658.1690416723899
12,Alabama,2021,3,493769,515388,21619,03/28/2021,AL,1,4921532,439.273787105316
13,Alabama,2021,4,515866,527922,12056,04/28/2021,AL,1,4921532,244.9643728822651
14,Alabama,2021,5,528309,543405,15096,05/28/2021,AL,1,4921532,306.73375688708313
15,Alabama,2021,6,544045,550983,6938,06/28/2021,AL,1,4921532,140.9723638899432
16,Alabama,2021,7,550983,585607,34624,07/28/2021,AL,1,4921532,703.5207736127694
17,Alabama,2021,8,587405,699729,112324,08/28/2021,AL,1,4921532,2282.297463472756
19,Alaska,2020,3,1,133,132,03/28/2020,AK,2,731158,18.05355340432574
20,Alaska,2020,4,143,353,210,04/28/2020,AK,2,731158,28.721562234154586
21,Alaska,2020,5,362,469,107,05/28/2020,AK,2,731158,14.634319805021622
22,Alaska,2020,6,476,1132,656,06/28/2020,AK,2,731158,89.72068964574004
23,Alaska,2020,7,1174,3675,2501,07/28/2020,AK,2,731158,342.06012927438394
24,Alaska,2020,8,3825,6075,2250,08/28/2020,AK,2,731158,307.7310239373706
25,Alaska,2020,9,6109,8707,2598,09/28/2020,AK,2,731158,355.3267556396839
26,Alaska,2020,10,8838,16247,7409,10/28/2020,AK,2,731158,1013.3240694897682
27,Alaska,2020,11,16597,32407,15810,11/28/2020,AK,2,731158,2162.3233281999237
28,Alaska,2020,12,32911,46740,13829,12/28/2020,AK,2,731158,1891.3832577910657
29,Alaska,2021,1,46740,53985,7245,01/28/2021,AK,2,731158,990.8938970783332
30,Alaska,2021,2,54091,57846,3755,02/28/2021,AK,2,731158,513.5688866154784
31,Alaska,2021,3,58229,62559,4330,03/28/2021,AK,2,731158,592.2112593994732
32,Alaska,2021,4,62785,67598,4813,04/28/2021,AK,2,731158,658.2708525380287
33,Alaska,2021,5,67598,69627,2029,05/28/2021,AK,2,731158,277.50499891952217
34,Alaska,2021,6,69737,70669,932,06/28/2021,AK,2,731158,127.4690285820575
35,Alaska,2021,7,70669,74853,4184,07/28/2021,AK,2,731158,572.2429351795371
36,Alaska,2021,8,74853,87842,12989,08/28/2021,AK,2,731158,1776.4970088544474
40,Arizona,2020,3,1,1298,1297,03/28/2020,AZ,4,7421401,17.476484561338214
41,Arizona,2020,4,1413,7648,6235,04/28/2020,AZ,4,7421401,84.01378661522264
42,Arizona,2020,5,7962,19936,11974,05/28/2020,AZ,4,7421401,161.34419902657194
43,Arizona,2020,6,20123,79399,59276,06/28/2020,AZ,4,7421401,798.7171155419306
44,Arizona,2020,7,84152,174108,89956,07/28/2020,AZ,4,7421401,1212.1161489589365
45,Arizona,2020,8,177019,201866,24847,08/28/2020,AZ,4,7421401,334.80201379766436
46,Arizona,2020,9,202375,218511,16136,09/28/2020,AZ,4,7421401,217.42525434213835
47,Arizona,2020,10,219214,245962,26748,10/28/2020,AZ,4,7421401,360.4171233975903
48,Arizona,2020,11,247484,327046,79562,11/28/2020,AZ,4,7421401,1072.061730662445
49,Arizona,2020,12,338254,523829,185575,12/28/2020,AZ,4,7421401,2500.538644927016
50,Arizona,2021,1,530267,758576,228309,01/28/2021,AZ,4,7421401,3076.359840951863
51,Arizona,2021,2,762458,817232,54774,02/28/2021,AZ,4,7421401,738.0547150059672
52,Arizona,2021,3,818268,841811,23543,03/28/2021,AZ,4,7421401,317.231207422965
53,Arizona,2021,4,842200,862497,20297,04/28/2021,AZ,4,7421401,273.4928351129389
54,Arizona,2021,5,863571,881450,17879,05/28/2021,AZ,4,7421401,240.91138586905626
55,Arizona,2021,6,881454,894875,13421,06/28/2021,AZ,4,7421401,180.8418653027912
56,Arizona,2021,7,895347,927235,31888,07/28/2021,AZ,4,7421401,429.67628349418123
57,Arizona,2021,8,929541,1011923,82382,08/28/2021,AZ,4,7421401,1110.0599469022088
59,Arkansas,2020,3,1,564,563,03/28/2020,AR,5,3030522,18.57765757846338
60,Arkansas,2020,4,624,3281,2657,04/28/2020,AR,5,3030522,87.67466462873394
61,Arkansas,2020,5,3310,7253,3943,05/28/2020,AR,5,3030522,130.10959828042826
62,Arkansas,2020,6,7443,20777,13334,06/28/2020,AR,5,3030522,439.99020630769223
63,Arkansas,2020,7,21197,42511,21314,07/28/2020,AR,5,3030522,703.3111787342247
64,Arkansas,2020,8,43173,61224,18051,08/28/2020,AR,5,3030522,595.6399590565586
65,Arkansas,2020,9,61497,83697,22200,09/28/2020,AR,5,3030522,732.5470661490001
66,Arkansas,2020,10,84821,112190,27369,10/28/2020,AR,5,3030522,903.1117411455849
67,Arkansas,2020,11,113057,157359,44302,11/28/2020,AR,5,3030522,1461.8603659699552
68,Arkansas,2020,12,159309,225138,65829,12/28/2020,AR,5,3030522,2172.200036825339
69,Arkansas,2021,1,229442,295268,65826,01/28/2021,AR,5,3030522,2172.1010439785623
70,Arkansas,2021,2,296494,322415,25921,02/28/2021,AR,5,3030522,855.3311937679383
71,Arkansas,2021,3,322509,330398,7889,03/28/2021,AR,5,3030522,260.31818940763344
72,Arkansas,2021,4,330609,335725,5116,04/28/2021,AR,5,3030522,168.815801370193
73,Arkansas,2021,5,335968,341381,5413,05/28/2021,AR,5,3030522,178.6160932011053
74,Arkansas,2021,6,341450,349385,7935,06/28/2021,AR,5,3030522,261.8360797248791
75,Arkansas,2021,7,350085,386452,36367,07/28/2021,AR,5,3030522,1200.024286245076
76,Arkansas,2021,8,388436,452891,64455,08/28/2021,AR,5,3030522,2126.861313001523
80,California,2020,3,33,8583,8550,03/28/2020,CA,6,39368078,21.718103687967698
81,California,2020,4,9857,50470,40613,04/28/2020,CA,6,39368078,103.16226258238972
82,California,2020,5,52318,113114,60796,05/28/2020,CA,6,39368078,154.42968793142504
83,California,2020,6,115643,232153,116510,06/28/2020,CA,6,39368078,295.9504398462124
84,California,2020,7,239764,502273,262509,07/28/2020,CA,6,39368078,666.8067463186798
85,California,2020,8,509507,712543,203036,08/28/2020,CA,6,39368078,515.7376491684455
86,California,2020,9,716630,821126,104496,09/28/2020,CA,6,39368078,265.4333290032599
87,California,2020,10,824307,935262,110955,10/28/2020,CA,6,39368078,281.8400227717492
88,California,2020,11,938897,1237238,298341,11/28/2020,CA,6,39368078,757.8246517394117
89,California,2020,12,1253905,2307860,1053955,12/28/2020,CA,6,39368078,2677.181751163976
90,California,2021,1,2345811,3324064,978253,01/28/2021,CA,6,39368078,2484.888899071984
91,California,2021,2,3341656,3569578,227922,02/28/2021,CA,6,39368078,578.9513016104063
92,California,2021,3,3573775,3669048,95273,03/28/2021,CA,6,39368078,242.00571844020425
93,California,2021,4,3671690,3742224,70534,04/28/2021,CA,6,39368078,179.1654649739314
94,California,2021,5,3743780,3789883,46103,05/28/2021,CA,6,39368078,117.10757126624266
95,California,2021,6,3791188,3818311,27123,06/28/2021,CA,6,39368078,68.89592120804068
96,California,2021,7,3866606,4037490,170884,07/28/2021,CA,6,39368078,434.0674187853417
97,California,2021,8,4040811,4449186,408375,08/28/2021,CA,6,39368078,1037.3252156226677
99,Colorado,2020,3,2,2990,2988,03/28/2020,CO,8,5807719,51.448770162606
100,Colorado,2020,4,3346,15207,11861,04/28/2020,CO,8,5807719,204.22820043462846
101,Colorado,2020,5,15661,26364,10703,05/28/2020,CO,8,5807719,184.28921922703216
102,Colorado,2020,6,26563,32698,6135,06/28/2020,CO,8,5807719,105.63527608687679
103,Colorado,2020,7,33012,46948,13936,07/28/2020,CO,8,5807719,239.9565130475493
104,Colorado,2020,8,47357,57797,10440,08/28/2020,CO,8,5807719,179.76076321874388
105,Colorado,2020,9,58118,71090,12972,09/28/2020,CO,8,5807719,223.35791383846222
106,Colorado,2020,10,71723,107844,36121,10/28/2020,CO,8,5807719,621.9481348873801
107,Colorado,2020,11,110640,234502,123862,11/28/2020,CO,8,5807719,2132.7133768007716
108,Colorado,2020,12,238779,335579,96800,12/28/2020,CO,8,5807719,1666.7473064726444
109,Colorado,2021,1,338357,397138,58781,01/28/2021,CO,8,5807719,1012.1185270843854
110,Colorado,2021,2,399384,430970,31586,02/28/2021,CO,8,5807719,543.8624010562494
111,Colorado,2021,3,432186,464782,32596,03/28/2021,CO,8,5807719,561.2530496051892
112,Colorado,2021,4,466368,513752,47384,04/28/2021,CO,8,5807719,815.8796939039233
113,Colorado,2021,5,515125,546168,31043,05/28/2021,CO,8,5807719,534.5127751532056
114,Colorado,2021,6,546596,560927,14331,06/28/2021,CO,8,5807719,246.75780629193665
115,Colorado,2021,7,561460,578499,17039,07/28/2021,CO,8,5807719,293.38540655978704
116,Colorado,2021,8,578713,619083,40370,08/28/2021,CO,8,5807719,695.109388040296
118,Connecticut,2020,3,1,3128,3127,03/28/2020,CT,9,3557006,87.9110128012154
119,Connecticut,2020,4,3557,27700,24143,04/28/2020,CT,9,3557006,678.7449894658598
120,Connecticut,2020,5,28764,42201,13437,05/28/2020,CT,9,3557006,377.7615219091562
121,Connecticut,2020,6,42740,46514,3774,06/28/2020,CT,9,3557006,106.10046764048192
122,Connecticut,2020,7,46572,49810,3238,07/28/2020,CT,9,3557006,91.03161479064134
123,Connecticut,2020,8,49810,52879,3069,08/28/2020,CT,9,3557006,86.28042797791177
124,Connecticut,2020,9,53006,57550,4544,09/28/2020,CT,9,3557006,127.7478868464096
125,Connecticut,2020,10,57742,71207,13465,10/28/2020,CT,9,3557006,378.54870078937176
126,Connecticut,2020,11,71207,117295,46088,11/28/2020,CT,9,3557006,1295.6964368347988
127,Connecticut,2020,12,118754,185708,66954,12/28/2020,CT,9,3557006,1882.3133837840028
128,Connecticut,2021,1,185708,250023,64315,01/28/2021,CT,9,3557006,1808.1217743236869
129,Connecticut,2021,2,253954,279946,25992,02/28/2021,CT,9,3557006,730.7269090915225
130,Connecticut,2021,3,282626,310888,28262,03/28/2021,CT,9,3557006,794.5446254518548
131,Connecticut,2021,4,312468,339233,26765,04/28/2021,CT,9,3557006,752.458668891759
132,Connecticut,2021,5,339233,347341,8108,05/28/2021,CT,9,3557006,227.9445128852749
133,Connecticut,2021,6,347563,349352,1789,06/28/2021,CT,9,3557006,50.295107739486525
134,Connecticut,2021,7,349387,354335,4948,07/28/2021,CT,9,3557006,139.10575354666256
135,Connecticut,2021,8,354335,373072,18737,08/28/2021,CT,9,3557006,526.7632385213857
137,Delaware,2020,3,1,319,318,03/28/2020,DE,10,986809,32.22508104405209
138,Delaware,2020,4,368,4734,4366,04/28/2020,DE,10,986809,442.4361755922372
139,Delaware,2020,5,4918,9498,4580,05/28/2020,DE,10,986809,464.12223642062446
140,Delaware,2020,6,9605,11474,1869,06/28/2020,DE,10,986809,189.39835368343822
141,Delaware,2020,7,11510,14788,3278,07/28/2020,DE,10,986809,332.18181025912816
142,Delaware,2020,8,14877,17429,2552,08/28/2020,DE,10,986809,258.61134221516016
143,Delaware,2020,9,17535,20613,3078,09/28/2020,DE,10,986809,311.91446369054194
144,Delaware,2020,10,20787,24951,4164,10/28/2020,DE,10,986809,421.9661555579651
145,Delaware,2020,11,25126,35654,10528,11/28/2020,DE,10,986809,1066.8731233703786
146,Delaware,2020,12,36343,57456,21113,12/28/2020,DE,10,986809,2139.522440512804
147,Delaware,2021,1,58064,78071,20007,01/28/2021,DE,10,986809,2027.4440139885226
148,Delaware,2021,2,78495,86799,8304,02/28/2021,DE,10,986809,841.5002295276998
149,Delaware,2021,3,87080,94802,7722,03/28/2021,DE,10,986809,782.522251013114
150,Delaware,2021,4,95188,104405,9217,04/28/2021,DE,10,986809,934.0206666132959
151,Delaware,2021,5,104621,108866,4245,05/28/2021,DE,10,986809,430.17443091824254
152,Delaware,2021,6,108894,109744,850,06/28/2021,DE,10,986809,86.13622291649143
153,Delaware,2021,7,109770,111407,1637,07/28/2021,DE,10,986809,165.8882316638782
154,Delaware,2021,8,111563,119852,8289,08/28/2021,DE,10,986809,839.9801785350559
156,Florida,2020,3,2,6742,6740,03/28/2020,FL,12,21733312,31.01230038017215
157,Florida,2020,4,7769,33683,25914,04/28/2020,FL,12,21733312,119.23631336079839
158,Florida,2020,5,34720,56155,21435,05/28/2020,FL,12,21733312,98.62739742566617
159,Florida,2020,6,56822,152426,95604,06/28/2020,FL,12,21733312,439.8961373213618
160,Florida,2020,7,158989,470378,311389,07/28/2020,FL,12,21733312,1432.7728787954638
161,Florida,2020,8,480020,623463,143443,08/28/2020,FL,12,21733312,660.0144515479278
162,Florida,2020,9,631032,706508,75476,09/28/2020,FL,12,21733312,347.28254947980315
163,Florida,2020,10,709136,802539,93403,10/28/2020,FL,12,21733312,429.7688267669465
164,Florida,2020,11,807404,999311,191907,11/28/2020,FL,12,21733312,883.008535468501
165,Florida,2020,12,1008158,1323307,315149,12/28/2020,FL,12,21733312,1450.0735092746104
166,Florida,2021,1,1323307,1721369,398062,01/28/2021,FL,12,21733312,1831.5754174973422
167,Florida,2021,2,1727099,1909213,182114,02/28/2021,FL,12,21733312,837.9486752870432
168,Florida,2021,3,1910913,2057727,146814,03/28/2021,FL,12,21733312,675.5252029695243
169,Florida,2021,4,2064517,2233510,168993,04/28/2021,FL,12,21733312,777.5759166389365
170,Florida,2021,5,2238929,2320810,81881,05/28/2021,FL,12,21733312,376.75343730398754
171,Florida,2021,6,2289332,2329859,40527,06/28/2021,FL,12,21733312,186.4741094224387
172,Florida,2021,7,2331916,2590699,258783,07/28/2021,FL,12,21733312,1190.720493958767
173,Florida,2021,8,2590699,3250454,659755,08/28/2021,FL,12,21733312,3035.685495151406
175,Georgia,2020,3,2,4116,4114,03/28/2020,GA,13,10710017,38.41263744025803
176,Georgia,2020,4,4747,25431,20684,04/28/2020,GA,13,10710017,193.12761128203624
177,Georgia,2020,5,26436,45051,18615,05/28/2020,GA,13,10710017,173.8092479218287
178,Georgia,2020,6,45757,77280,31523,06/28/2020,GA,13,10710017,294.3319324329737
179,Georgia,2020,7,79589,171342,91753,07/28/2020,GA,13,10710017,856.7026550938248
180,Georgia,2020,8,174834,254238,79404,08/28/2020,GA,13,10710017,741.3993833996715
181,Georgia,2020,9,256544,301485,44941,09/28/2020,GA,13,10710017,419.6165141474565
182,Georgia,2020,10,303010,372631,69621,10/28/2020,GA,13,10710017,650.0549905756452
183,Georgia,2020,11,373700,454328,80628,11/28/2020,GA,13,10710017,752.8279366876822
184,Georgia,2020,12,458985,644065,185080,12/28/2020,GA,13,10710017,1728.1018321446174
185,Georgia,2021,1,654950,885249,230299,01/28/2021,GA,13,10710017,2150.31404712056
186,Georgia,2021,2,888462,981844,93382,02/28/2021,GA,13,10710017,871.912714984486
187,Georgia,2021,3,983879,1035186,51307,03/28/2021,GA,13,10710017,479.0561957091198
188,Georgia,2021,4,1036700,1075835,39135,04/28/2021,GA,13,10710017,365.40558245612493
189,Georgia,2021,5,1077047,1099169,22122,05/28/2021,GA,13,10710017,206.55429398478077
190,Georgia,2021,6,1099410,1110094,10684,06/28/2021,GA,13,10710017,99.75707788325639
191,Georgia,2021,7,1110606,1153494,42888,07/28/2021,GA,13,10710017,400.447543640687
192,Georgia,2021,8,1153494,1372605,219111,08/28/2021,GA,13,10710017,2045.8510943540052
194,Hawaii,2020,3,1,224,223,03/28/2020,HI,15,1407006,15.849257217097867
195,Hawaii,2020,4,258,609,351,04/28/2020,HI,15,1407006,24.946588713907403
196,Hawaii,2020,5,610,642,32,05/28/2020,HI,15,1407006,2.2743328742023845
197,Hawaii,2020,6,642,901,259,06/28/2020,HI,15,1407006,18.407881700575548
198,Hawaii,2020,7,909,2088,1179,07/28/2020,HI,15,1407006,83.7949518338941
199,Hawaii,2020,8,2174,8447,6273,08/28/2020,HI,15,1407006,445.8403162459862
200,Hawaii,2020,9,8628,12555,3927,09/28/2020,HI,15,1407006,279.10328740602387
201,Hawaii,2020,10,12660,15207,2547,10/28/2020,HI,15,1407006,181.02268220604603
202,Hawaii,2020,11,15287,18006,2719,11/28/2020,HI,15,1407006,193.24722140488385
203,Hawaii,2020,12,18049,21459,3410,12/28/2020,HI,15,1407006,242.35859690719158
204,Hawaii,2021,1,21736,25786,4050,01/28/2021,HI,15,1407006,287.8452543912393
205,Hawaii,2021,2,25870,27473,1603,02/28/2021,HI,15,1407006,113.9298624170757
206,Hawaii,2021,3,27499,29779,2280,03/28/2021,HI,15,1407006,162.0462172869199
207,Hawaii,2021,4,29888,32767,2879,04/28/2021,HI,15,1407006,204.61888577589576
208,Hawaii,2021,5,32882,35035,2153,05/28/2021,HI,15,1407006,153.01995869242919
209,Hawaii,2021,6,35090,36391,1301,06/28/2021,HI,15,1407006,92.46584591679068
210,Hawaii,2021,7,36435,40643,4208,07/28/2021,HI,15,1407006,299.07477295761356
211,Hawaii,2021,8,41090,61353,20263,08/28/2021,HI,15,1407006,1440.1502196863412
213,Idaho,2020,3,1,526,525,03/28/2020,ID,16,1826913,28.73700061250864
214,Idaho,2020,4,669,2016,1347,04/28/2020,ID,16,1826913,73.7309330000936
215,Idaho,2020,5,2035,2855,820,05/28/2020,ID,16,1826913,44.884458099537305
216,Idaho,2020,6,2908,6124,3216,06/28/2020,ID,16,1826913,176.03465518062436
217,Idaho,2020,7,6379,20853,14474,07/28/2020,ID,16,1826913,792.2654226008573
218,Idaho,2020,8,21231,32256,11025,08/28/2020,ID,16,1826913,603.4770128626815
219,Idaho,2020,9,32703,42549,9846,09/28/2020,ID,16,1826913,538.9419200585907
220,Idaho,2020,10,42915,64797,21882,10/28/2020,ID,16,1826913,1197.7581855293602
221,Idaho,2020,11,65272,102158,36886,11/28/2020,ID,16,1826913,2019.034294462845
222,Idaho,2020,12,103642,141388,37746,12/28/2020,ID,16,1826913,2066.1082383233356
223,Idaho,2021,1,141388,162762,21374,01/28/2021,ID,16,1826913,1169.9517163652565
224,Idaho,2021,2,163291,171209,7918,02/28/2021,ID,16,1826913,433.4087063806541
225,Idaho,2021,3,171618,180643,9025,03/28/2021,ID,16,1826913,494.00272481502947
226,Idaho,2021,4,181023,187726,6703,04/28/2021,ID,16,1826913,366.90307639170555
227,Idaho,2021,5,187728,192084,4356,05/28/2021,ID,16,1826913,238.434999367786
228,Idaho,2021,6,192378,195074,2696,06/28/2021,ID,16,1826913,147.57134028823484
229,Idaho,2021,7,195166,200564,5398,07/28/2021,ID,16,1826913,295.47110344061264
230,Idaho,2021,8,200564,221463,20899,08/28/2021,ID,16,1826913,1143.9515729539391
234,Illinois,2020,3,3,5992,5989,03/28/2020,IL,17,12587530,47.57883397298755
235,Illinois,2020,4,6978,52918,45940,04/28/2020,IL,17,12587530,364.96437347120525
236,Illinois,2020,5,56055,120588,64533,05/28/2020,IL,17,12587530,512.6740512237111
237,Illinois,2020,6,121666,144661,22995,06/28/2020,IL,17,12587530,182.6807959941307
238,Illinois,2020,7,145541,180701,35160,07/28/2020,IL,17,12587530,279.3240611938959
239,Illinois,2020,8,182232,237682,55450,08/28/2020,IL,17,12587530,440.515335415288
240,Illinois,2020,9,239115,296935,57820,09/28/2020,IL,17,12587530,459.34349312375025
241,Illinois,2020,10,299111,416557,117446,10/28/2020,IL,17,12587530,933.0345190835692
242,Illinois,2020,11,424860,727825,302965,11/28/2020,IL,17,12587530,2406.866160398426
243,Illinois,2020,12,740510,965840,225330,12/28/2020,IL,17,12587530,1790.1049689653173
244,Illinois,2021,1,966287,1128505,162218,01/28/2021,IL,17,12587530,1288.7198679963424
245,Illinois,2021,2,1131212,1189922,58710,02/28/2021,IL,17,12587530,466.41398272735
246,Illinois,2021,3,1191207,1248133,56926,03/28/2021,IL,17,12587530,452.241226038786
247,Illinois,2021,4,1251829,1338687,86858,04/28/2021,IL,17,12587530,690.0321190892892
248,Illinois,2021,5,1341493,1386189,44696,05/28/2021,IL,17,12587530,355.08157676684783
249,Illinois,2021,6,1386620,1395863,9243,06/28/2021,IL,17,12587530,73.42981506300283
250,Illinois,2021,7,1396270,1423574,27304,07/28/2021,IL,17,12587530,216.91308779403107
251,Illinois,2021,8,1423590,1527348,103758,08/28/2021,IL,17,12587530,824.2919778542732
253,Indiana,2020,3,1,2177,2176,03/28/2020,IN,18,6754953,32.21339956029301
254,Indiana,2020,4,2578,18099,15521,04/28/2020,IN,18,6754953,229.77213905115252
255,Indiana,2020,5,18941,35429,16488,05/28/2020,IN,18,6754953,244.08756063883789
256,Indiana,2020,6,35684,46740,11056,06/28/2020,IN,18,6754953,163.67249335413584
257,Indiana,2020,7,47116,67800,20684,07/28/2020,IN,18,6754953,306.2049432468294
258,Indiana,2020,8,68773,96277,27504,08/28/2020,IN,18,6754953,407.1678959128213
259,Indiana,2020,9,96988,122295,25307,09/28/2020,IN,18,6754953,374.6436133604482
260,Indiana,2020,10,123459,181837,58378,10/28/2020,IN,18,6754953,864.2251100784861
261,Indiana,2020,11,184589,341694,157105,11/28/2020,IN,18,6754953,2325.774879558747
262,Indiana,2020,12,347097,514455,167358,12/28/2020,IN,18,6754953,2477.559799453823
263,Indiana,2021,1,520750,629793,109043,01/28/2021,IN,18,6754953,1614.2673383515769
264,Indiana,2021,2,631502,664880,33378,02/28/2021,IN,18,6754953,494.1263099832078
265,Indiana,2021,3,665422,689785,24363,03/28/2021,IN,18,6754953,360.6686826688505
266,Indiana,2021,4,691001,723741,32740,04/28/2021,IN,18,6754953,484.6813886047764
267,Indiana,2021,5,724895,747032,22137,05/28/2021,IN,18,6754953,327.71508550836694
268,Indiana,2021,6,747549,757279,9730,06/28/2021,IN,18,6754953,144.04245299708228
269,Indiana,2021,7,757671,774662,16991,07/28/2021,IN,18,6754953,251.53394849675487
270,Indiana,2021,8,774662,861937,87275,08/28/2021,IN,18,6754953,1292.0149111326161
272,Iowa,2020,3,3,498,495,03/28/2020,IA,19,3163561,15.646924462654585
273,Iowa,2020,4,549,7145,6596,04/28/2020,IA,19,3163561,208.4992197084235
274,Iowa,2020,5,7883,19621,11738,05/28/2020,IA,19,3163561,371.03757442957476
275,Iowa,2020,6,19789,29152,9363,06/28/2020,IA,19,3163561,295.9639469572422
276,Iowa,2020,7,29618,44753,15135,07/28/2020,IA,19,3163561,478.41656917631747
277,Iowa,2020,8,45293,65252,19959,08/28/2020,IA,19,3163561,630.9029603032785
278,Iowa,2020,9,65846,89248,23402,09/28/2020,IA,19,3163561,739.7360126768538
279,Iowa,2020,10,90483,128798,38315,10/28/2020,IA,19,3163561,1211.1351733062836
280,Iowa,2020,11,131097,230634,99537,11/28/2020,IA,19,3163561,3146.3594348267666
281,Iowa,2020,12,233062,281712,48650,12/28/2020,IA,19,3163561,1537.8239901174657
282,Iowa,2021,1,282980,319408,36428,01/28/2021,IA,19,3163561,1151.4872006577398
283,Iowa,2021,2,320187,336455,16268,02/28/2021,IA,19,3163561,514.2306407241713
284,Iowa,2021,3,336890,351402,14512,03/28/2021,IA,19,3163561,458.72357131725926
285,Iowa,2021,4,352137,364841,12704,04/28/2021,IA,19,3163561,401.57278459305826
286,Iowa,2021,5,365228,371424,6196,05/28/2021,IA,19,3163561,195.85524034466223
287,Iowa,2021,6,371473,373861,2388,06/28/2021,IA,19,3163561,75.48455680165485
288,Iowa,2021,7,373960,379797,5837,07/28/2021,IA,19,3163561,184.50726886568648
289,Iowa,2021,8,379797,404747,24950,08/28/2021,IA,19,3163561,788.6682128146099
291,Kansas,2020,3,1,435,434,03/28/2020,KS,20,2913805,14.894613743884715
292,Kansas,2020,4,489,4305,3816,04/28/2020,KS,20,2913805,130.9627789093642
293,Kansas,2020,5,4510,9878,5368,05/28/2020,KS,20,2913805,184.22646676768005
294,Kansas,2020,6,10103,14629,4526,06/28/2020,KS,20,2913805,155.32954332908346
295,Kansas,2020,7,15142,28121,12979,07/28/2020,KS,20,2913805,445.43131746976894
296,Kansas,2020,8,28147,43407,15260,08/28/2020,KS,20,2913805,523.7138380914303
297,Kansas,2020,9,43491,60957,17466,09/28/2020,KS,20,2913805,599.4224047250931
298,Kansas,2020,10,61103,86771,25668,10/28/2020,KS,20,2913805,880.9100128526103
299,Kansas,2020,11,86809,160428,73619,11/28/2020,KS,20,2913805,2526.558915232831
300,Kansas,2020,12,160718,225455,64737,12/28/2020,KS,20,2913805,2221.7341242807943
301,Kansas,2021,1,230352,277633,47281,01/28/2021,KS,20,2913805,1622.6549134207678
302,Kansas,2021,2,279587,296798,17211,02/28/2021,KS,20,2913805,590.6709611658982
303,Kansas,2021,3,297436,304657,7221,03/28/2021,KS,20,2913805,247.8202899644966
304,Kansas,2021,4,304685,311213,6528,04/28/2021,KS,20,2913805,224.03695511539036
305,Kansas,2021,5,311213,315860,4647,05/28/2021,KS,20,2913805,159.4821890963877
306,Kansas,2021,6,315863,319584,3721,06/28/2021,KS,20,2913805,127.70243719123278
307,Kansas,2021,7,319626,334159,14533,07/28/2021,KS,20,2913805,498.76364410109807
308,Kansas,2021,8,334159,370128,35969,08/28/2021,KS,20,2913805,1234.434013257579
310,Kentucky,2020,3,1,590,589,03/28/2020,KY,21,4477251,13.155393789626716
311,Kentucky,2020,4,674,4708,4034,04/28/2020,KY,21,4477251,90.0999296219935
312,Kentucky,2020,5,4879,9937,5058,05/28/2020,KY,21,4477251,112.97110660090311
313,Kentucky,2020,6,10150,15916,5766,06/28/2020,KY,21,4477251,128.78438130897732
314,Kentucky,2020,7,16114,30981,14867,07/28/2020,KY,21,4477251,332.0564337357901
315,Kentucky,2020,8,31612,50884,19272,08/28/2020,KY,21,4477251,430.44269798588465
316,Kentucky,2020,9,51762,72830,21068,09/28/2020,KY,21,4477251,470.55659823405034
317,Kentucky,2020,10,73619,109244,35625,10/28/2020,KY,21,4477251,795.6891405016158
318,Kentucky,2020,11,110600,183255,72655,11/28/2020,KY,21,4477251,1622.759143947927
319,Kentucky,2020,12,187285,268828,81543,12/28/2020,KY,21,4477251,1821.2738128820565
320,Kentucky,2021,1,269470,366857,97387,01/28/2021,KY,21,4477251,2175.1516723096383
321,Kentucky,2021,2,368623,408392,39769,02/28/2021,KY,21,4477251,888.2459348381407
322,Kentucky,2021,3,408854,430116,21262,03/28/2021,KY,21,4477251,474.8896141851328
323,Kentucky,2021,4,431160,447473,16313,04/28/2021,KY,21,4477251,364.35303716499254
324,Kentucky,2021,5,448026,460060,12034,05/28/2021,KY,21,4477251,268.7809997697248
325,Kentucky,2021,6,460454,465942,5488,06/28/2021,KY,21,4477251,122.57521412134366
326,Kentucky,2021,7,466106,483719,17613,07/28/2021,KY,21,4477251,393.38871106399887
327,Kentucky,2021,8,483719,579693,95974,08/28/2021,KY,21,4477251,2143.592128294795
329,Louisiana,2020,3,1,5237,5236,03/28/2020,LA,22,4645318,112.71564185702678
330,Louisiana,2020,4,6424,28044,21620,04/28/2020,LA,22,4645318,465.4148542683192
331,Louisiana,2020,5,28754,40021,11267,05/28/2020,LA,22,4645318,242.54528968737984
332,Louisiana,2020,6,40452,58203,17751,06/28/2020,LA,22,4645318,382.12669186479803
333,Louisiana,2020,7,60286,116394,56108,07/28/2020,LA,22,4645318,1207.8398077375973
334,Louisiana,2020,8,116394,148894,32500,08/28/2020,LA,22,4645318,699.629175010193
335,Louisiana,2020,9,149583,167458,17875,09/28/2020,LA,22,4645318,384.79604625560614
336,Louisiana,2020,10,168009,186649,18640,10/28/2020,LA,22,4645318,401.2642406827692
337,Louisiana,2020,11,187720,232414,44694,11/28/2020,LA,22,4645318,962.1300414740174
338,Louisiana,2020,12,237740,315275,77535,12/28/2020,LA,22,4645318,1669.0999410589327
339,Louisiana,2021,1,315275,400626,85351,01/28/2021,LA,22,4645318,1837.3553758859996
340,Louisiana,2021,2,401591,430100,28509,02/28/2021,LA,22,4645318,613.7147123189413
341,Louisiana,2021,3,430504,444933,14429,03/28/2021,LA,22,4645318,310.6138266529869
342,Louisiana,2021,4,445469,458581,13112,04/28/2021,LA,22,4645318,282.26269977642005
343,Louisiana,2021,5,458581,470685,12104,05/28/2021,LA,22,4645318,260.56343182533465
344,Louisiana,2021,6,471663,481467,9804,06/28/2021,LA,22,4645318,211.05121328615175
345,Louisiana,2021,7,482035,541679,59644,07/28/2021,LA,22,4645318,1283.9594619787063
346,Louisiana,2021,8,541679,679796,138117,08/28/2021,LA,22,4645318,2973.25177738101
348,Maine,2020,3,1,303,302,03/28/2020,ME,23,1350141,22.368034153469896
349,Maine,2020,4,344,1095,751,04/28/2020,ME,23,1350141,55.62382003064865
350,Maine,2020,5,1123,2325,1202,05/28/2020,ME,23,1350141,89.02773858434045
351,Maine,2020,6,2349,3253,904,06/28/2020,ME,23,1350141,66.95596978389665
352,Maine,2020,7,3294,3912,618,07/28/2020,ME,23,1350141,45.77299704253112
353,Maine,2020,8,3937,4526,589,08/28/2020,ME,23,1350141,43.62507323309195
354,Maine,2020,9,4548,5391,843,09/28/2020,ME,23,1350141,62.43792315024875
355,Maine,2020,10,5431,6668,1237,10/28/2020,ME,23,1350141,91.62006042331875
356,Maine,2020,11,6715,11757,5042,11/28/2020,ME,23,1350141,373.4424774893881
357,Maine,2020,12,11976,24201,12225,12/28/2020,ME,23,1350141,905.4609851859917
358,Maine,2021,1,24201,39324,15123,01/28/2021,ME,23,1350141,1120.105233453395
359,Maine,2021,2,39543,44634,5091,02/28/2021,ME,23,1350141,377.0717280639578
360,Maine,2021,3,44762,50504,5742,03/28/2021,ME,23,1350141,425.28891426895416
361,Maine,2021,4,50788,61213,10425,04/28/2021,ME,23,1350141,772.1415763242505
362,Maine,2021,5,61616,67780,6164,05/28/2021,ME,23,1350141,456.5449090132068
363,Maine,2021,6,67819,69033,1214,06/28/2021,ME,23,1350141,89.91653464341873
364,Maine,2021,7,69054,70463,1409,07/28/2021,ME,23,1350141,104.35947060344068
365,Maine,2021,8,70463,75856,5393,08/28/2021,ME,23,1350141,399.43976221742764
367,Maryland,2020,3,3,1662,1659,03/28/2020,MD,24,6055802,27.395215365363665
368,Maryland,2020,4,1985,21825,19840,04/28/2020,MD,24,6055802,327.61969430308324
369,Maryland,2020,5,23566,53456,29890,05/28/2020,MD,24,6055802,493.5762430806027
370,Maryland,2020,6,54035,68152,14117,06/28/2020,MD,24,6055802,233.1152834917654
371,Maryland,2020,7,68502,88907,20405,07/28/2020,MD,24,6055802,336.9495898313716
372,Maryland,2020,8,89925,108742,18817,08/28/2020,MD,24,6055802,310.7268038155805
373,Maryland,2020,9,109353,125217,15864,09/28/2020,MD,24,6055802,261.9636507270218
374,Maryland,2020,10,125997,145593,19596,10/28/2020,MD,24,6055802,323.5905004820171
375,Maryland,2020,11,146627,198710,52083,11/28/2020,MD,24,6055802,860.0512368138852
376,Maryland,2020,12,201479,276834,75355,12/28/2020,MD,24,6055802,1244.3438540427842
377,Maryland,2021,1,280387,354649,74262,01/28/2021,MD,24,6055802,1226.2950472951395
378,Maryland,2021,2,355812,382281,26469,02/28/2021,MD,24,6055802,437.0849641385237
379,Maryland,2021,3,382884,411529,28645,03/28/2021,MD,24,6055802,473.017446739507
380,Maryland,2021,4,413113,447590,34477,04/28/2021,MD,24,6055802,569.3217842987601
381,Maryland,2021,5,448529,460106,11577,05/28/2021,MD,24,6055802,191.17203633804408
382,Maryland,2021,6,460207,462496,2289,06/28/2021,MD,24,6055802,37.79846170664101
383,Maryland,2021,7,462571,468767,6196,07/28/2021,MD,24,6055802,102.31510211199111
384,Maryland,2021,8,469314,497225,27911,08/28/2021,MD,24,6055802,460.89683909744736
387,Massachusetts,2020,3,1,6620,6619,03/28/2020,MA,25,6893574,96.01695724162822
388,Massachusetts,2020,4,7738,62205,54467,04/28/2020,MA,25,6893574,790.1126469375682
389,Massachusetts,2020,5,64311,96965,32654,05/28/2020,MA,25,6893574,473.6875240622644
390,Massachusetts,2020,6,100805,108882,8077,06/28/2020,MA,25,6893574,117.16708923411862
391,Massachusetts,2020,7,109143,117612,8469,07/28/2020,MA,25,6893574,122.85354447489793
392,Massachusetts,2020,8,118040,128533,10493,08/28/2020,MA,25,6893574,152.21422153443194
393,Massachusetts,2020,9,121131,132116,10985,09/28/2020,MA,25,6893574,159.35130311214473
394,Massachusetts,2020,10,132870,158576,25706,10/28/2020,MA,25,6893574,372.89800617212495
395,Massachusetts,2020,11,159707,226132,66425,11/28/2020,MA,25,6893574,963.578544308076
396,Massachusetts,2020,12,229205,375178,145973,12/28/2020,MA,25,6893574,2117.522782811935
397,Massachusetts,2021,1,375178,524025,148847,01/28/2021,MA,25,6893574,2159.2137837354035
398,Massachusetts,2021,2,526423,581148,54725,02/28/2021,MA,25,6893574,793.8552628868567
399,Massachusetts,2021,3,582543,635580,53037,03/28/2021,MA,25,6893574,769.3686903194192
400,Massachusetts,2021,4,638339,688973,50634,04/28/2021,MA,25,6893574,734.5101394429073
401,Massachusetts,2021,5,690279,706945,16666,05/28/2021,MA,25,6893574,241.76138531333675
402,Massachusetts,2021,6,707131,709966,2835,06/28/2021,MA,25,6893574,41.125256652064664
403,Massachusetts,2021,7,710049,719780,9731,07/28/2021,MA,25,6893574,141.1604488469987
404,Massachusetts,2021,8,719780,759869,40089,08/28/2021,MA,25,6893574,581.54159221327
406,Michigan,2020,3,2,7629,7627,03/28/2020,MI,26,9966555,76.52594100970697
407,Michigan,2020,4,9292,41348,32056,04/28/2020,MI,26,9966555,321.63571063421614
408,Michigan,2020,5,42348,57355,15007,05/28/2020,MI,26,9966555,150.5735933830697
409,Michigan,2020,6,58435,70850,12415,06/28/2020,MI,26,9966555,124.56661303730327
410,Michigan,2020,7,71279,90752,19473,07/28/2020,MI,26,9966555,195.3834599819095
411,Michigan,2020,8,91450,113163,21713,08/28/2020,MI,26,9966555,217.85862818195454
412,Michigan,2020,9,113969,138074,24105,09/28/2020,MI,26,9966555,241.85889708128838
413,Michigan,2020,10,139064,197164,58100,10/28/2020,MI,26,9966555,582.9496751886685
414,Michigan,2020,11,197501,388102,190601,11/28/2020,MI,26,9966555,1912.406042007494
415,Michigan,2020,12,394554,526668,132114,12/28/2020,MI,26,9966555,1325.5733801699785
416,Michigan,2021,1,526845,607901,81056,01/28/2021,MI,26,9966555,813.2800150102016
417,Michigan,2021,2,610524,644564,34040,02/28/2021,MI,26,9966555,341.54228818282746
418,Michigan,2021,3,646502,744823,98321,03/28/2021,MI,26,9966555,986.5093806234953
419,Michigan,2021,4,751999,934576,182577,04/28/2021,MI,26,9966555,1831.8967787766185
420,Michigan,2021,5,938277,990199,51922,05/28/2021,MI,26,9966555,520.9623586083657
421,Michigan,2021,6,991174,998606,7432,06/28/2021,MI,26,9966555,74.56939734943519
422,Michigan,2021,7,998847,1009611,10764,07/28/2021,MI,26,9966555,108.0012100470022
423,Michigan,2021,8,1009618,1058765,49147,08/28/2021,MI,26,9966555,493.11923728911347
425,Minnesota,2020,3,1,629,628,03/28/2020,MN,27,5657342,11.100619336783954
426,Minnesota,2020,4,689,5136,4447,04/28/2020,MN,27,5657342,78.60581877496534
427,Minnesota,2020,5,5730,24860,19130,05/28/2020,MN,27,5657342,338.14466228133284
428,Minnesota,2020,6,25218,36338,11120,06/28/2020,MN,27,5657342,196.5587373010152
429,Minnesota,2020,7,36753,54503,17750,07/28/2020,MN,27,5657342,313.7515815731133
430,Minnesota,2020,8,55228,75913,20685,08/28/2020,MN,27,5657342,365.63106844168163
431,Minnesota,2020,9,76404,99187,22783,09/28/2020,MN,27,5657342,402.71562157635157
432,Minnesota,2020,10,100253,148526,48273,10/28/2020,MN,27,5657342,853.2805688607831
433,Minnesota,2020,11,150726,318822,168096,11/28/2020,MN,27,5657342,2971.289344006426
434,Minnesota,2020,12,322371,415361,92990,12/28/2020,MN,27,5657342,1643.704764534299
435,Minnesota,2021,1,415361,461875,46514,01/28/2021,MN,27,5657342,822.1882290305235
436,Minnesota,2021,2,462596,484662,22066,02/28/2021,MN,27,5657342,390.0418252953419
437,Minnesota,2021,3,485298,519607,34309,03/28/2021,MN,27,5657342,606.4508739263067
438,Minnesota,2021,4,521745,575905,54160,04/28/2021,MN,27,5657342,957.3400370704122
439,Minnesota,2021,5,577617,601477,23860,05/28/2021,MN,27,5657342,421.75283021602723
440,Minnesota,2021,6,601610,605458,3848,06/28/2021,MN,27,5657342,68.01780765596281
441,Minnesota,2021,7,605541,612794,7253,07/28/2021,MN,27,5657342,128.20508288167835
442,Minnesota,2021,8,612794,650057,37263,08/28/2021,MN,27,5657342,658.6662075582491
444,Mississippi,2020,3,1,937,936,03/28/2020,MS,28,2966786,31.54929273631465
445,Mississippi,2020,4,1073,6815,5742,04/28/2020,MS,28,2966786,193.54277659393026
446,Mississippi,2020,5,7212,15501,8289,05/28/2020,MS,28,2966786,279.3932558667865
447,Mississippi,2020,6,15752,27248,11496,06/28/2020,MS,28,2966786,387.49003129986454
448,Mississippi,2020,7,27900,58747,30847,07/28/2020,MS,28,2966786,1039.744693415703
449,Mississippi,2020,8,59881,82950,23069,08/28/2020,MS,28,2966786,777.5754638184217
450,Mississippi,2020,9,83584,98190,14606,09/28/2020,MS,28,2966786,492.3172753275767
451,Mississippi,2020,10,98886,120160,21274,10/28/2020,MS,28,2966786,717.0722795644849
452,Mississippi,2020,11,120500,153270,32770,11/28/2020,MS,28,2966786,1104.5623108643495
453,Mississippi,2020,12,154411,215811,61400,12/28/2020,MS,28,2966786,2069.579673087307
454,Mississippi,2021,1,218386,275001,56615,01/28/2021,MS,28,2966786,1908.2940259256986
455,Mississippi,2021,2,275706,294795,19089,02/28/2021,MS,28,2966786,643.423556670417
456,Mississippi,2021,3,294994,305146,10152,03/28/2021,MS,28,2966786,342.18848275541274
457,Mississippi,2021,4,305417,311900,6483,04/28/2021,MS,28,2966786,218.51930001017936
458,Mississippi,2021,5,311900,317713,5813,05/28/2021,MS,28,2966786,195.9359387566208
459,Mississippi,2021,6,317755,321764,4009,06/28/2021,MS,28,2966786,135.129395918681
460,Mississippi,2021,7,321944,343505,21561,07/28/2021,MS,28,2966786,726.746047743248
461,Mississippi,2021,8,343505,436722,93217,08/28/2021,MS,28,2966786,3142.0196805566698
463,Missouri,2020,3,1,1350,1349,03/28/2020,MO,29,6151548,21.92943954919965
464,Missouri,2020,4,1580,7563,5983,04/28/2020,MO,29,6151548,97.26007177380393
465,Missouri,2020,5,7840,13297,5457,05/28/2020,MO,29,6151548,88.70937851740733
466,Missouri,2020,6,13523,22275,8752,06/28/2020,MO,29,6151548,142.27313190110848
467,Missouri,2020,7,22595,51074,28479,07/28/2020,MO,29,6151548,462.9566411576403
468,Missouri,2020,8,52012,86328,34316,08/28/2020,MO,29,6151548,557.8433265903152
469,Missouri,2020,9,87414,130065,42651,09/28/2020,MO,29,6151548,693.3376769554591
470,Missouri,2020,10,131778,189925,58147,10/28/2020,MO,29,6151548,945.2417505317361
471,Missouri,2020,11,192141,314981,122840,11/28/2020,MO,29,6151548,1996.8957407143698
472,Missouri,2020,12,317903,418637,100734,12/28/2020,MO,29,6151548,1637.5390389540976
473,Missouri,2021,1,421217,499530,78313,01/28/2021,MO,29,6151548,1273.061674882485
474,Missouri,2021,2,501226,524600,23374,02/28/2021,MO,29,6151548,379.9693995722703
475,Missouri,2021,3,525206,588900,63694,03/28/2021,MO,29,6151548,1035.4141754238121
476,Missouri,2021,4,589546,600910,11364,04/28/2021,MO,29,6151548,184.73398890815776
477,Missouri,2021,5,601861,615408,13547,05/28/2021,MO,29,6151548,220.22099152928664
478,Missouri,2021,6,615552,634733,19181,06/28/2021,MO,29,6151548,311.80769458354223
479,Missouri,2021,7,636120,695726,59606,07/28/2021,MO,29,6151548,968.9593578721974
480,Missouri,2021,8,697481,774864,77383,08/28/2021,MO,29,6151548,1257.9435290109093
482,Montana,2020,3,4,198,194,03/28/2020,MT,30,1080577,17.953371208160082
483,Montana,2020,4,219,452,233,04/28/2020,MT,30,1080577,21.562554079903606
484,Montana,2020,5,452,515,63,05/28/2020,MT,30,1080577,5.830218485124151
485,Montana,2020,6,519,967,448,06/28/2020,MT,30,1080577,41.45933144977174
486,Montana,2020,7,1016,3977,2961,07/28/2020,MT,30,1080577,274.0202688008351
487,Montana,2020,8,4081,7440,3359,08/28/2020,MT,30,1080577,310.85244272273053
488,Montana,2020,9,7526,13179,5653,09/28/2020,MT,30,1080577,523.1464301016956
489,Montana,2020,10,13626,32801,19175,10/28/2020,MT,30,1080577,1774.514911940565
490,Montana,2020,11,33495,62256,28761,11/28/2020,MT,30,1080577,2661.6335531850114
491,Montana,2020,12,63324,81701,18377,12/28/2020,MT,30,1080577,1700.665477795659
492,Montana,2021,1,81701,93961,12260,01/28/2021,MT,30,1080577,1134.5790258352713
493,Montana,2021,2,94146,99999,5853,02/28/2021,MT,30,1080577,541.6550602132008
494,Montana,2021,3,100115,104677,4562,03/28/2021,MT,30,1080577,422.18185284343457
495,Montana,2021,4,104865,108931,4066,04/28/2021,MT,30,1080577,376.2804501669016
496,Montana,2021,5,109061,111928,2867,05/28/2021,MT,30,1080577,265.3212126484276
497,Montana,2021,6,111949,113862,1913,06/28/2021,MT,30,1080577,177.03504701654762
498,Montana,2021,7,113928,116480,2552,07/28/2021,MT,30,1080577,236.17012022280687
499,Montana,2021,8,116480,127248,10768,08/28/2021,MT,30,1080577,996.5046452034421
502,Nebraska,2020,3,13,199,186,03/28/2020,NE,31,1937552,9.599742355301947
503,Nebraska,2020,4,249,4332,4083,04/28/2020,NE,31,1937552,210.72982815428952
504,Nebraska,2020,5,4838,14101,9263,05/28/2020,NE,31,1937552,478.07749159764484
505,Nebraska,2020,6,14345,19194,4849,06/28/2020,NE,31,1937552,250.26425097236097
506,Nebraska,2020,7,19325,26211,6886,07/28/2020,NE,31,1937552,355.3969132183291
507,Nebraska,2020,8,26391,34287,7896,08/28/2020,NE,31,1937552,407.52454643797944
508,Nebraska,2020,9,34574,45564,10990,09/28/2020,NE,31,1937552,567.210583251443
509,Nebraska,2020,10,46185,70761,24576,10/28/2020,NE,31,1937552,1268.4046673327991
510,Nebraska,2020,11,71666,129043,57377,11/28/2020,NE,31,1937552,2961.3140705384935
511,Nebraska,2020,12,130796,167795,36999,12/28/2020,NE,31,1937552,1909.5745559344987
512,Nebraska,2021,1,168567,191763,23196,01/28/2021,NE,31,1937552,1197.1807724386235
513,Nebraska,2021,2,192112,201298,9186,02/28/2021,NE,31,1937552,474.10340470862195
514,Nebraska,2021,3,201556,209602,8046,03/28/2021,NE,31,1937552,415.2662741438681
515,Nebraska,2021,4,210155,219826,9671,04/28/2021,NE,31,1937552,499.134990957662
516,Nebraska,2021,5,220032,223676,3644,05/28/2021,NE,31,1937552,188.07237173505536
517,Nebraska,2021,6,223796,224753,957,06/28/2021,NE,31,1937552,49.3922227635697
518,Nebraska,2021,7,224802,228450,3648,07/28/2021,NE,31,1937552,188.2788178072124
519,Nebraska,2021,8,228450,244254,15804,08/28/2021,NE,31,1937552,815.66843109243
521,Nevada,2020,3,2,1113,1111,03/28/2020,NV,32,3138259,35.401794434430045
522,Nevada,2020,4,1279,5053,3774,04/28/2020,NV,32,3138259,120.25776075206029
523,Nevada,2020,5,5249,8628,3379,05/28/2020,NV,32,3138259,107.6711641709623
524,Nevada,2020,6,8701,18582,9881,06/28/2020,NV,32,3138259,314.8561033362766
525,Nevada,2020,7,19151,48142,28991,07/28/2020,NV,32,3138259,923.7924594496502
526,Nevada,2020,8,49207,69318,20111,08/28/2020,NV,32,3138259,640.833022385979
527,Nevada,2020,9,69708,80084,10376,09/28/2020,NV,32,3138259,330.62918006448797
528,Nevada,2020,10,80507,100844,20337,10/28/2020,NV,32,3138259,648.0344675184552
529,Nevada,2020,11,101594,152726,51132,11/28/2020,NV,32,3138259,1629.3110288220316
530,Nevada,2020,12,155312,225165,69853,12/28/2020,NV,32,3138259,2225.851977163134
531,Nevada,2021,1,227046,278447,51401,01/28/2021,NV,32,3138259,1637.8826604177666
532,Nevada,2021,2,279228,293815,14587,02/28/2021,NV,32,3138259,464.8118590594339
533,Nevada,2021,3,294047,303799,9752,03/28/2021,NV,32,3138259,310.7455439465003
534,Nevada,2021,4,304131,315438,11307,04/28/2021,NV,32,3138259,360.29531023411386
535,Nevada,2021,5,315438,323748,8310,05/28/2021,NV,32,3138259,264.7965002251248
536,Nevada,2021,6,324262,333712,9450,06/28/2021,NV,32,3138259,301.12237390221776
537,Nevada,2021,7,334255,356401,22146,07/28/2021,NV,32,3138259,705.6778933797369
538,Nevada,2021,8,356401,390600,34199,08/28/2021,NV,32,3138259,1089.7443455113169
540,New Hampshire,2020,3,1,367,366,03/28/2020,NH,33,1366275,26.788164900916726
541,New Hampshire,2020,4,415,2146,1731,04/28/2020,NH,33,1366275,126.69484547400779
542,New Hampshire,2020,5,2310,4651,2341,05/28/2020,NH,33,1366275,171.34178697553565
543,New Hampshire,2020,6,4685,5782,1097,06/28/2020,NH,33,1366275,80.29130299537061
544,New Hampshire,2020,7,5802,6583,781,07/28/2020,NH,33,1366275,57.16272346343159
545,New Hampshire,2020,8,6613,7275,662,08/28/2020,NH,33,1366275,48.45291028526468
546,New Hampshire,2020,9,7297,8266,969,09/28/2020,NH,33,1366275,70.92276445078772
547,New Hampshire,2020,10,8317,11084,2767,10/28/2020,NH,33,1366275,202.52145431922563
548,New Hampshire,2020,11,11214,20994,9780,11/28/2020,NH,33,1366275,715.814898172037
549,New Hampshire,2020,12,21766,44028,22262,12/28/2020,NH,33,1366275,1629.3937896836287
550,New Hampshire,2021,1,44028,65695,21667,01/28/2021,NH,33,1366275,1585.8447237927942
551,New Hampshire,2021,2,66058,75424,9366,02/28/2021,NH,33,1366275,685.5135313169018
552,New Hampshire,2021,3,75588,84176,8588,03/28/2021,NH,33,1366275,628.5703829756088
553,New Hampshire,2021,4,84539,94886,10347,04/28/2021,NH,33,1366275,757.3145962562442
554,New Hampshire,2021,5,95163,98726,3563,05/28/2021,NH,33,1366275,260.7820533933505
555,New Hampshire,2021,6,98767,99504,737,06/28/2021,NH,33,1366275,53.94228833873122
556,New Hampshire,2021,7,99527,100657,1130,07/28/2021,NH,33,1366275,82.7066293388959
557,New Hampshire,2021,8,100657,107689,7032,08/28/2021,NH,33,1366275,514.6840862930229
559,New Jersey,2020,3,1,18696,18695,03/28/2020,NJ,34,8882371,210.47308201830344
560,New Jersey,2020,4,22255,118652,96397,04/28/2020,NJ,34,8882371,1085.2620319507032
561,New Jersey,2020,5,121190,160445,39255,05/28/2020,NJ,34,8882371,441.94281008978345
562,New Jersey,2020,6,160918,173521,12603,06/28/2020,NJ,34,8882371,141.88779099634544
563,New Jersey,2020,7,173782,183535,9753,07/28/2020,NJ,34,8882371,109.80176351561987
564,New Jersey,2020,8,183904,193740,9836,08/28/2020,NJ,34,8882371,110.73619870190065
565,New Jersey,2020,9,194070,207062,12992,09/28/2020,NJ,34,8882371,146.26725229108308
566,New Jersey,2020,10,207676,239679,32003,10/28/2020,NJ,34,8882371,360.2979429704073
567,New Jersey,2020,11,241422,339133,97711,11/28/2020,NJ,34,8882371,1100.0553793576062
568,New Jersey,2020,12,343739,479381,135642,12/28/2020,NJ,34,8882371,1527.0922594879228
569,New Jersey,2021,1,484882,696831,211949,01/28/2021,NJ,34,8882371,2386.1759433376515
570,New Jersey,2021,2,700346,789354,89008,02/28/2021,NJ,34,8882371,1002.074783861201
571,New Jersey,2021,3,792496,908812,116316,03/28/2021,NJ,34,8882371,1309.515218402834
572,New Jersey,2021,4,914420,997891,83471,04/28/2021,NJ,34,8882371,939.7378245065422
573,New Jersey,2021,5,998811,1016332,17521,05/28/2021,NJ,34,8882371,197.25589034729578
574,New Jersey,2021,6,1016490,1023395,6905,06/28/2021,NJ,34,8882371,77.73825254540708
575,New Jersey,2021,7,1023613,1039353,15740,07/28/2021,NJ,34,8882371,177.2049377356564
576,New Jersey,2021,8,1040281,1091966,51685,08/28/2021,NJ,34,8882371,581.8829229267726
578,New Mexico,2020,3,4,315,311,03/28/2020,NM,35,2106319,14.765094935762344
579,New Mexico,2020,4,363,3411,3048,04/28/2020,NM,35,2106319,144.70742560837178
580,New Mexico,2020,5,3513,7689,4176,05/28/2020,NM,35,2106319,198.2605673689503
581,New Mexico,2020,6,7800,12147,4347,06/28/2020,NM,35,2106319,206.37899577414439
582,New Mexico,2020,7,12276,20600,8324,07/28/2020,NM,35,2106319,395.1918014317869
583,New Mexico,2020,8,20796,25352,4556,08/28/2020,NM,35,2106319,216.30151938049272
584,New Mexico,2020,9,25460,29435,3975,09/28/2020,NM,35,2106319,188.71785327863444
585,New Mexico,2020,10,29661,46490,16829,10/28/2020,NM,35,2106319,798.9767931638086
586,New Mexico,2020,11,47232,97095,49863,11/28/2020,NM,35,2106319,2367.305237240893
587,New Mexico,2020,12,99419,142897,43478,12/28/2020,NM,35,2106319,2064.1697672574765
588,New Mexico,2021,1,144142,174064,29922,01/28/2021,NM,35,2106319,1420.5825423404528
589,New Mexico,2021,2,174550,185132,10582,02/28/2021,NM,35,2106319,502.39303733195214
590,New Mexico,2021,3,185297,191652,6355,03/28/2021,NM,35,2106319,301.7111842982948
591,New Mexico,2021,4,191946,197733,5787,04/28/2021,NM,35,2106319,274.7447086599893
592,New Mexico,2021,5,197733,202821,5088,05/28/2021,NM,35,2106319,241.55885219665208
593,New Mexico,2021,6,203151,205542,2391,06/28/2021,NM,35,2106319,113.51556910420501
594,New Mexico,2021,7,205629,210416,4787,07/28/2021,NM,35,2106319,227.26851915593033
595,New Mexico,2021,8,210416,232614,22198,08/28/2021,NM,35,2106319,1053.8764546111013
597,New York,2020,3,1,76211,76210,03/28/2020,NY,36,19336776,394.11947472525924
598,New York,2020,4,84364,309696,225332,04/28/2020,NY,36,19336776,1165.302840556254
599,New York,2020,5,313575,375575,62000,05/28/2020,NY,36,19336776,320.6325604640608
600,New York,2020,6,376520,398142,21622,06/28/2020,NY,36,19336776,111.81801971538584
601,New York,2020,7,398770,419723,20953,07/28/2020,NY,36,19336776,108.35829095812042
602,New York,2020,8,420477,439480,19003,08/28/2020,NY,36,19336776,98.27387978223464
603,New York,2020,9,440237,463369,23132,09/28/2020,NY,36,19336776,119.62697401055894
604,New York,2020,10,464752,512223,47471,10/28/2020,NY,36,19336776,245.49593996434567
605,New York,2020,11,514482,652748,138266,11/28/2020,NY,36,19336776,715.0416387923199
606,New York,2020,12,660041,979040,318999,12/28/2020,NY,36,19336776,1649.7010670237892
607,New York,2021,1,996073,1420164,424091,01/28/2021,NY,36,19336776,2193.1835999961936
608,New York,2021,2,1429096,1644124,215028,02/28/2021,NY,36,19336776,1112.0157776042913
609,New York,2021,3,1650560,1871595,221035,03/28/2021,NY,36,19336776,1143.0809355189303
610,New York,2021,4,1880768,2046322,165554,04/28/2021,NY,36,19336776,856.1613373397923
611,New York,2021,5,2050174,2100633,50459,05/28/2021,NY,36,19336776,260.9483607815491
612,New York,2021,6,2101111,2113147,12036,06/28/2021,NY,36,19336776,62.244088673313485
613,New York,2021,7,2113544,2148445,34901,07/28/2021,NY,36,19336776,180.4902740767127
614,New York,2021,8,2151035,2276228,125193,08/28/2021,NY,36,19336776,647.4347119705994
616,North Carolina,2020,3,1,1527,1526,03/28/2020,NC,37,10600823,14.395108757121971
617,North Carolina,2020,4,1591,10507,8916,04/28/2020,NC,37,10600823,84.10667737778472
618,North Carolina,2020,5,10922,28686,17764,05/28/2020,NC,37,10600823,167.5718951255011
619,North Carolina,2020,6,29368,65064,35696,06/28/2020,NC,37,10600823,336.7285728664652
620,North Carolina,2020,7,66815,122370,55555,07/28/2020,NC,37,10600823,524.0630845359836
621,North Carolina,2020,8,124015,167989,43974,08/28/2020,NC,37,10600823,414.8168495974322
622,North Carolina,2020,9,169966,211004,41038,09/28/2020,NC,37,10600823,387.120886746246
623,North Carolina,2020,10,213218,274805,61587,10/28/2020,NC,37,10600823,580.9643270149875
624,North Carolina,2020,11,276706,364968,88262,11/28/2020,NC,37,10600823,832.5957333690035
625,North Carolina,2020,12,368615,541070,172455,12/28/2020,NC,37,10600823,1626.8076544622998
626,North Carolina,2021,1,543976,758158,214182,01/28/2021,NC,37,10600823,2020.4280365779148
627,North Carolina,2021,2,763358,859527,96169,02/28/2021,NC,37,10600823,907.1842818241565
628,North Carolina,2021,3,862880,915456,52576,03/28/2021,NC,37,10600823,495.96149280107784
629,North Carolina,2021,4,917474,970599,53125,04/28/2021,NC,37,10600823,501.1403359908943
630,North Carolina,2021,5,970673,1001893,31220,05/28/2021,NC,37,10600823,294.5054360402018
631,North Carolina,2021,6,1003793,1014682,10889,06/28/2021,NC,37,10600823,102.71843987962068
632,North Carolina,2021,7,1014967,1049288,34321,07/28/2021,NC,37,10600823,323.7578818172891
633,North Carolina,2021,8,1049288,1215455,166167,08/28/2021,NC,37,10600823,1567.4915051406858
635,North Dakota,2020,3,1,126,125,03/28/2020,ND,38,765309,16.333271920230914
636,North Dakota,2020,4,147,1067,920,04/28/2020,ND,38,765309,120.21288133289953
637,North Dakota,2020,5,1107,2580,1473,05/28/2020,ND,38,765309,192.47127630800108
638,North Dakota,2020,6,2628,3585,957,06/28/2020,ND,38,765309,125.04752982128788
639,North Dakota,2020,7,3624,6473,2849,07/28/2020,ND,38,765309,372.267933605903
640,North Dakota,2020,8,6606,11820,5214,08/28/2020,ND,38,765309,681.2934383366719
641,North Dakota,2020,9,12004,21849,9845,09/28/2020,ND,38,765309,1286.4084964373867
642,North Dakota,2020,10,22221,43921,21700,10/28/2020,ND,38,765309,2835.456005352087
643,North Dakota,2020,11,45048,79258,34210,11/28/2020,ND,38,765309,4470.089859128797
644,North Dakota,2020,12,79661,92502,12841,12/28/2020,ND,38,765309,1677.8843578214812
645,North Dakota,2021,1,92777,97655,4878,01/28/2021,ND,38,765309,637.3896034150912
646,North Dakota,2021,2,97708,99839,2131,02/28/2021,ND,38,765309,278.44961969609665
647,North Dakota,2021,3,99882,103123,3241,03/28/2021,ND,38,765309,423.48907434774713
648,North Dakota,2021,4,103331,107504,4173,04/28/2021,ND,38,765309,545.2699497849889
649,North Dakota,2021,5,107670,109975,2305,05/28/2021,ND,38,765309,301.18553420905806
650,North Dakota,2021,6,109993,110738,745,06/28/2021,ND,38,765309,97.34630064457625
651,North Dakota,2021,7,110749,111675,926,07/28/2021,ND,38,765309,120.99687838507062
652,North Dakota,2021,8,111705,117529,5824,08/28/2021,ND,38,765309,760.9998053073988
654,Ohio,2020,3,3,2199,2196,03/28/2020,OH,39,11693217,18.78011842250084
655,Ohio,2020,4,2548,18027,15479,04/28/2020,OH,39,11693217,132.37588937244558
656,Ohio,2020,5,18743,35513,16770,05/28/2020,OH,39,11693217,143.41647811718536
657,Ohio,2020,6,35984,51789,15805,06/28/2020,OH,39,11693217,135.1638304497385
658,Ohio,2020,7,52865,91159,38294,07/28/2020,OH,39,11693217,327.48900495047684
659,Ohio,2020,8,92087,123157,31070,08/28/2020,OH,39,11693217,265.7095989923047
660,Ohio,2020,9,124610,153987,29377,09/28/2020,OH,39,11693217,251.23111971666992
661,Ohio,2020,10,155314,215697,60383,10/28/2020,OH,39,11693217,516.3933928533097
662,Ohio,2020,11,219000,421063,202063,11/28/2020,OH,39,11693217,1728.036005831415
663,Ohio,2020,12,430093,700380,270287,12/28/2020,OH,39,11693217,2311.485367970166
664,Ohio,2021,1,700380,895792,195412,01/28/2021,OH,39,11693217,1671.1568766747423
665,Ohio,2021,2,899079,967422,68343,02/28/2021,OH,39,11693217,584.4670461516279
666,Ohio,2021,3,968874,1017566,48692,03/28/2021,OH,39,11693217,416.41235256302866
667,Ohio,2021,4,1020041,1072312,52271,04/28/2021,OH,39,11693217,447.01984064778753
668,Ohio,2021,5,1074019,1101934,27915,05/28/2021,OH,39,11693217,238.72814470132556
669,Ohio,2021,6,1102556,1111324,8768,06/28/2021,OH,39,11693217,74.98364222608714
670,Ohio,2021,7,1111903,1129277,17374,07/28/2021,OH,39,11693217,148.58186588002258
671,Ohio,2021,8,1130134,1220900,90766,08/28/2021,OH,39,11693217,776.2277908637119
673,Oklahoma,2020,3,1,566,565,03/28/2020,OK,40,3980783,14.193187621631221
674,Oklahoma,2020,4,719,3618,2899,04/28/2020,OK,40,3980783,72.82486887629895
675,Oklahoma,2020,5,3748,6506,2758,05/28/2020,OK,40,3980783,69.28285214240515
676,Oklahoma,2020,6,6573,13757,7184,06/28/2020,OK,40,3980783,180.46700862619238
677,Oklahoma,2020,7,14112,36456,22344,07/28/2020,OK,40,3980783,561.2966092349168
678,Oklahoma,2020,8,37706,58733,21027,08/28/2020,OK,40,3980783,528.2126656991853
679,Oklahoma,2020,9,59399,87199,27800,09/28/2020,OK,40,3980783,698.355072356368
680,Oklahoma,2020,10,88369,122762,34393,10/28/2020,OK,40,3980783,863.9757555234736
681,Oklahoma,2020,11,124111,197745,73634,11/28/2020,OK,40,3980783,1849.7365970463597
682,Oklahoma,2020,12,199482,290936,91454,12/28/2020,OK,40,3980783,2297.387222564003
683,Oklahoma,2021,1,290936,389472,98536,01/28/2021,OK,40,3980783,2475.291921212485
684,Oklahoma,2021,2,390868,424508,33640,02/28/2021,OK,40,3980783,845.0598789233173
685,Oklahoma,2021,3,424888,438364,13476,03/28/2021,OK,40,3980783,338.5263652904466
686,Oklahoma,2021,4,438777,448305,9528,04/28/2021,OK,40,3980783,239.34989674141994
687,Oklahoma,2021,5,448305,453172,4867,05/28/2021,OK,40,3980783,122.26237903447638
688,Oklahoma,2021,6,453243,457851,4608,06/28/2021,OK,40,3980783,115.7561213459764
689,Oklahoma,2021,7,458150,480635,22485,07/28/2021,OK,40,3980783,564.8386259688107
690,Oklahoma,2021,8,480635,551958,71323,08/28/2021,OK,40,3980783,1791.6826915709798
693,Oregon,2020,3,2,690,688,03/28/2020,OR,41,4241507,16.22064987750816
694,Oregon,2020,4,737,2510,1773,04/28/2020,OR,41,4241507,41.80118057096216
695,Oregon,2020,5,2579,4243,1664,05/28/2020,OR,41,4241507,39.231339238624386
696,Oregon,2020,6,4303,8695,4392,06/28/2020,OR,41,4241507,103.54810212502302
697,Oregon,2020,7,9019,18510,9491,07/28/2020,OR,41,4241507,223.76480812126445
698,Oregon,2020,8,18817,26723,7906,08/28/2020,OR,41,4241507,186.39601443543532
699,Oregon,2020,9,26958,33554,6596,09/28/2020,OR,41,4241507,155.51076539541253
700,Oregon,2020,10,33865,44923,11058,10/28/2020,OR,41,4241507,260.70922433936806
701,Oregon,2020,11,45419,75454,30035,11/28/2020,OR,41,4241507,708.1209579519732
702,Oregon,2020,12,76655,113929,37274,12/28/2020,OR,41,4241507,878.7914295555802
703,Oregon,2021,1,115377,142417,27040,01/28/2021,OR,41,4241507,637.5092626276463
704,Oregon,2021,2,143373,155597,12224,02/28/2021,OR,41,4241507,288.1994536375868
705,Oregon,2021,3,155873,165013,9140,03/28/2021,OR,41,4241507,215.4894475006171
706,Oregon,2021,4,165524,184838,19314,04/28/2021,OR,41,4241507,455.357022869466
707,Oregon,2021,5,185621,201561,15940,05/28/2021,OR,41,4241507,375.80982419691867
708,Oregon,2021,6,201701,208680,6979,06/28/2021,OR,41,4241507,164.54057484757186
709,Oregon,2021,7,208900,219756,10856,07/28/2021,OR,41,4241507,255.9467660904485
710,Oregon,2021,8,219755,276287,56532,08/28/2021,OR,41,4241507,1332.8281669699002
712,Pennsylvania,2020,3,2,4997,4995,03/28/2020,PA,42,12783254,39.07455801159861
713,Pennsylvania,2020,4,5805,48224,42419,04/28/2020,PA,42,12783254,331.8325678266269
714,Pennsylvania,2020,5,49764,76218,26454,05/28/2020,PA,42,12783254,206.94261414190785
715,Pennsylvania,2020,6,76734,91226,14492,06/28/2020,PA,42,12783254,113.36706600682425
716,Pennsylvania,2020,7,91864,116787,24923,07/28/2020,PA,42,12783254,194.96600787248693
717,Pennsylvania,2020,8,117468,138840,21372,08/28/2020,PA,42,12783254,167.18747824302014
718,Pennsylvania,2020,9,139591,164135,24544,09/28/2020,PA,42,12783254,192.00119155889416
719,Pennsylvania,2020,10,165078,212816,47738,10/28/2020,PA,42,12783254,373.44169176330223
720,Pennsylvania,2020,11,214500,366971,152471,11/28/2020,PA,42,12783254,1192.7401270443347
721,Pennsylvania,2020,12,372688,646060,273372,12/28/2020,PA,42,12783254,2138.5165310804277
722,Pennsylvania,2021,1,652952,848244,195292,01/28/2021,PA,42,12783254,1527.7174340742977
723,Pennsylvania,2021,2,851911,935911,84000,02/28/2021,PA,42,12783254,657.1096842791359
724,Pennsylvania,2021,3,938308,1030415,92107,03/28/2021,PA,42,12783254,720.5285915464091
725,Pennsylvania,2021,4,1034263,1156246,121983,04/28/2021,PA,42,12783254,954.240602588355
726,Pennsylvania,2021,5,1158964,1206755,47791,05/28/2021,PA,42,12783254,373.856296683145
727,Pennsylvania,2021,6,1207596,1216579,8983,06/28/2021,PA,42,12783254,70.27162254618425
728,Pennsylvania,2021,7,1216965,1229002,12037,07/28/2021,PA,42,12783254,94.16225321033284
729,Pennsylvania,2021,8,1230824,1300368,69544,08/28/2021,PA,42,12783254,544.0242367084312
731,Rhode Island,2020,3,2,488,486,03/28/2020,RI,44,1057125,45.97374955658035
732,Rhode Island,2020,4,566,8621,8055,04/28/2020,RI,44,1057125,761.9723306136929
733,Rhode Island,2020,5,8962,14928,5966,05/28/2020,RI,44,1057125,564.3608844744
734,Rhode Island,2020,6,14991,16813,1822,06/28/2020,RI,44,1057125,172.3542627409247
735,Rhode Island,2020,7,16853,19022,2169,07/28/2020,RI,44,1057125,205.17914153955306
736,Rhode Island,2020,8,19022,21949,2927,08/28/2020,RI,44,1057125,276.88305545701786
737,Rhode Island,2020,9,22002,24748,2746,09/28/2020,RI,44,1057125,259.76114461392933
738,Rhode Island,2020,10,24914,32874,7960,10/28/2020,RI,44,1057125,752.985692325884
739,Rhode Island,2020,11,32874,56723,23849,11/28/2020,RI,44,1057125,2256.024595010051
740,Rhode Island,2020,12,57906,87949,30043,12/28/2020,RI,44,1057125,2841.9534113751924
741,Rhode Island,2021,1,87949,114438,26489,01/28/2021,RI,44,1057125,2505.7585432186356
742,Rhode Island,2021,2,115956,125622,9666,02/28/2021,RI,44,1057125,914.3667967364314
743,Rhode Island,2021,3,126588,137329,10741,03/28/2021,RI,44,1057125,1016.0577036774271
744,Rhode Island,2021,4,137848,148186,10338,04/28/2021,RI,44,1057125,977.9354380986166
745,Rhode Island,2021,5,148186,151743,3557,05/28/2021,RI,44,1057125,336.4786567340665
746,Rhode Island,2021,6,151844,152613,769,06/28/2021,RI,44,1057125,72.7444720350006
747,Rhode Island,2021,7,152618,154339,1721,07/28/2021,RI,44,1057125,162.80004729809627
748,Rhode Island,2021,8,154339,162617,8278,08/28/2021,RI,44,1057125,783.067281541918
750,South Carolina,2020,3,2,1083,1081,03/28/2020,SC,45,5218040,20.716590903864287
751,South Carolina,2020,4,1293,6095,4802,04/28/2020,SC,45,5218040,92.02689132317882
752,South Carolina,2020,5,6258,11861,5603,05/28/2020,SC,45,5218040,107.3774827329802
753,South Carolina,2020,6,12148,36399,24251,06/28/2020,SC,45,5218040,464.75304903756967
754,South Carolina,2020,7,37919,89016,51097,07/28/2020,SC,45,5218040,979.237414814758
755,South Carolina,2020,8,90599,118992,28393,08/28/2020,SC,45,5218040,544.131512981886
756,South Carolina,2020,9,119846,147942,28096,09/28/2020,SC,45,5218040,538.4397206613978
757,South Carolina,2020,10,148323,176612,28289,10/28/2020,SC,45,5218040,542.1384274555197
758,South Carolina,2020,11,178023,217487,39464,11/28/2020,SC,45,5218040,756.2993001203517
759,South Carolina,2020,12,218912,307507,88595,12/28/2020,SC,45,5218040,1697.8597327732252
760,South Carolina,2021,1,307507,443386,135879,01/28/2021,SC,45,5218040,2604.023733049191
761,South Carolina,2021,2,445916,516823,70907,02/28/2021,SC,45,5218040,1358.8818790197085
762,South Carolina,2021,3,517976,551630,33654,03/28/2021,SC,45,5218040,644.9548106185464
763,South Carolina,2021,4,552681,578659,25978,04/28/2021,SC,45,5218040,497.84976734559336
764,South Carolina,2021,5,579556,593262,13706,05/28/2021,SC,45,5218040,262.6656752343792
765,South Carolina,2021,6,593262,596840,3578,06/28/2021,SC,45,5218040,68.56980782056098
766,South Carolina,2021,7,597021,617148,20127,07/28/2021,SC,45,5218040,385.719542203586
767,South Carolina,2021,8,617148,735287,118139,08/28/2021,SC,45,5218040,2264.049336532491
769,South Dakota,2020,3,5,107,102,03/28/2020,SD,46,892717,11.425793392530892
770,South Dakota,2020,4,129,2450,2321,04/28/2020,SD,46,892717,259.99280847121764
771,South Dakota,2020,5,2525,4993,2468,05/28/2020,SD,46,892717,276.4593930663357
772,South Dakota,2020,6,5034,6764,1730,06/28/2020,SD,46,892717,193.79041734390628
773,South Dakota,2020,7,6826,8764,1938,07/28/2020,SD,46,892717,217.09007445808695
774,South Dakota,2020,8,8867,13509,4642,08/28/2020,SD,46,892717,519.9856169424353
775,South Dakota,2020,9,13749,22389,8640,09/28/2020,SD,46,892717,967.8319108967344
776,South Dakota,2020,10,23136,45992,22856,10/28/2020,SD,46,892717,2560.2738605851573
777,South Dakota,2020,11,47324,80464,33140,11/28/2020,SD,46,892717,3712.2626767497427
778,South Dakota,2020,12,80912,99164,18252,12/28/2020,SD,46,892717,2044.5449117693513
779,South Dakota,2021,1,99164,108250,9086,01/28/2021,SD,46,892717,1017.791752593487
780,South Dakota,2021,2,108315,112427,4112,02/28/2021,SD,46,892717,460.6162983341865
781,South Dakota,2021,3,112470,117759,5289,03/28/2021,SD,46,892717,592.4609926774107
782,South Dakota,2021,4,117989,122660,4671,04/28/2021,SD,46,892717,523.234126828547
783,South Dakota,2021,5,122660,124191,1531,05/28/2021,SD,46,892717,171.4989184702431
784,South Dakota,2021,6,124191,124536,345,06/28/2021,SD,46,892717,38.646065886501546
785,South Dakota,2021,7,124561,125216,655,07/28/2021,SD,46,892717,73.37151639321307
786,South Dakota,2021,8,125216,132259,7043,08/28/2021,SD,46,892717,788.9398319960301
788,Tennessee,2020,3,1,2049,2048,03/28/2020,TN,47,6886834,29.737902786679626
789,Tennessee,2020,4,2689,10506,7817,04/28/2020,TN,47,6886834,113.5064385173216
790,Tennessee,2020,5,11781,22832,11051,05/28/2020,TN,47,6886834,160.4656072732405
791,Tennessee,2020,6,23242,42815,19573,06/28/2020,TN,47,6886834,284.2089703338283
792,Tennessee,2020,7,44360,103144,58784,07/28/2020,TN,47,6886834,853.5707409239136
793,Tennessee,2020,8,105455,152033,46578,08/28/2020,TN,47,6886834,676.3340019521306
794,Tennessee,2020,9,153274,193357,40083,09/28/2020,TN,47,6886834,582.0236120109763
795,Tennessee,2020,10,194601,256923,62322,10/28/2020,TN,47,6886834,904.9441296247303
796,Tennessee,2020,11,257658,366412,108754,11/28/2020,TN,47,6886834,1579.1581443664825
797,Tennessee,2020,12,371980,572579,200599,12/28/2020,TN,47,6886834,2912.789824758372
798,Tennessee,2021,1,572579,713290,140711,01/28/2021,TN,47,6886834,2043.188495613514
799,Tennessee,2021,2,715439,761232,45793,02/28/2021,TN,47,6886834,664.9354405812599
800,Tennessee,2021,3,761891,797531,35640,03/28/2021,TN,47,6886834,517.5092066978817
801,Tennessee,2021,4,799226,832853,33627,04/28/2021,TN,47,6886834,488.2795200232792
802,Tennessee,2021,5,832906,848020,15114,05/28/2021,TN,47,6886834,219.46223765521282
803,Tennessee,2021,6,848552,854211,5659,06/28/2021,TN,47,6886834,82.17128509268555
804,Tennessee,2021,7,854430,879858,25428,07/28/2021,TN,47,6886834,369.22626565414527
805,Tennessee,2021,8,879858,1032434,152576,08/28/2021,TN,47,6886834,2215.4737576076323
808,Texas,2020,3,11,3588,3577,03/28/2020,TX,48,29360759,12.182927559876772
809,Texas,2020,4,4402,29072,24670,04/28/2020,TX,48,29360759,84.0237134196701
810,Texas,2020,5,30342,64974,34632,05/28/2020,TX,48,29360759,117.95335399878456
811,Texas,2020,6,66081,166703,100622,06/28/2020,TX,48,29360759,342.7091241067712
812,Texas,2020,7,174826,443090,268264,07/28/2020,TX,48,29360759,913.6821020192291
813,Texas,2020,8,448224,640317,192093,08/28/2020,TX,48,29360759,654.2507978080539
814,Texas,2020,9,645534,784027,138493,09/28/2020,TX,48,29360759,471.6942092675465
815,Texas,2020,10,788066,953451,165385,10/28/2020,TX,48,29360759,563.2858469360414
816,Texas,2020,11,957789,1261943,304154,11/28/2020,TX,48,29360759,1035.9200863983115
817,Texas,2020,12,1275295,1770527,495232,12/28/2020,TX,48,29360759,1686.7138891062045
818,Texas,2021,1,1778306,2372960,594654,01/28/2021,TX,48,29360759,2025.33592540983
819,Texas,2021,2,2412150,2650283,238133,02/28/2021,TX,48,29360759,811.0587331887435
820,Texas,2021,3,2658389,2790030,131641,03/28/2021,TX,48,29360759,448.3569379115846
821,Texas,2021,4,2793685,2889252,95567,04/28/2021,TX,48,29360759,325.49226673602
822,Texas,2021,5,2891264,2947933,56669,05/28/2021,TX,48,29360759,193.0093155970525
823,Texas,2021,6,2948635,2993964,45329,06/28/2021,TX,48,29360759,154.38633585732575
824,Texas,2021,7,2995274,3132348,137074,07/28/2021,TX,48,29360759,466.8612279403267
825,Texas,2021,8,3135695,3604438,468743,08/28/2021,TX,48,29360759,1596.4948317582662
828,Utah,2020,3,1,887,886,03/28/2020,UT,49,3249879,27.26255346737525
829,Utah,2020,4,1012,4672,3660,04/28/2020,UT,49,3249879,112.61957752888647
830,Utah,2020,5,4829,9829,5000,05/28/2020,UT,49,3249879,153.85188187006347
831,Utah,2020,6,10026,22364,12338,06/28/2020,UT,49,3249879,379.6449037025686
832,Utah,2020,7,22864,40258,17394,07/28/2020,UT,49,3249879,535.2199266495768
833,Utah,2020,8,40754,52166,11412,08/28/2020,UT,49,3249879,351.1515351802329
834,Utah,2020,9,52505,73053,20548,09/28/2020,UT,49,3249879,632.2696937332129
835,Utah,2020,10,74099,114670,40571,10/28/2020,UT,49,3249879,1248.384939870069
836,Utah,2020,11,116510,195744,79234,11/28/2020,UT,49,3249879,2438.0600016185217
837,Utah,2020,12,198260,276612,78352,12/28/2020,UT,49,3249879,2410.9205296566424
838,Utah,2021,1,276612,346624,70012,01/28/2021,UT,49,3249879,2154.2955906973766
839,Utah,2021,2,347210,371291,24081,02/28/2021,UT,49,3249879,740.9814334625997
840,Utah,2021,3,371548,385700,14152,03/28/2021,UT,49,3249879,435.46236644502767
841,Utah,2021,4,386188,397388,11200,04/28/2021,UT,49,3249879,344.6282153889422
842,Utah,2021,5,397798,406240,8442,05/28/2021,UT,49,3249879,259.76351734941517
843,Utah,2021,6,406352,415210,8858,06/28/2021,UT,49,3249879,272.56399392100445
844,Utah,2021,7,415750,432539,16789,07/28/2021,UT,49,3249879,516.6038489432991
845,Utah,2021,8,432539,464502,31963,08/28/2021,UT,49,3249879,983.5135400425678
847,Vermont,2020,3,1,293,292,03/28/2020,VT,50,623347,46.84389272748566
848,Vermont,2020,4,321,866,545,04/28/2020,VT,50,623347,87.43123813862906
849,Vermont,2020,5,879,981,102,05/28/2020,VT,50,623347,16.363277596587455
850,Vermont,2020,6,983,1208,225,06/28/2020,VT,50,623347,36.09546528658998
851,Vermont,2020,7,1210,1414,204,07/28/2020,VT,50,623347,32.72655519317491
852,Vermont,2020,8,1421,1624,203,08/28/2020,VT,50,623347,32.56613090301229
853,Vermont,2020,9,1635,1752,117,09/28/2020,VT,50,623347,18.769641949026788
854,Vermont,2020,10,1755,2179,424,10/28/2020,VT,50,623347,68.01989902895177
855,Vermont,2020,11,2196,4172,1976,11/28/2020,VT,50,623347,316.9983973613413
856,Vermont,2020,12,4239,7412,3173,12/28/2020,VT,50,623347,509.02627268599997
857,Vermont,2021,1,7412,11965,4553,01/28/2021,VT,50,623347,730.4117931104184
858,Vermont,2021,2,12083,15198,3115,02/28/2021,VT,50,623347,499.7216638565679
859,Vermont,2021,3,15284,19275,3991,03/28/2021,VT,50,623347,640.2533420390248
860,Vermont,2021,4,19523,22952,3429,04/28/2021,VT,50,623347,550.0948909676313
861,Vermont,2021,5,23032,24220,1188,05/28/2021,VT,50,623347,190.58405671319508
862,Vermont,2021,6,24224,24410,186,06/28/2021,VT,50,623347,29.838917970247714
863,Vermont,2021,7,24412,24889,477,07/28/2021,VT,50,623347,76.52238640757075
864,Vermont,2021,8,24889,28200,3311,08/28/2021,VT,50,623347,531.1648247284418
866,Virginia,2020,3,1,1249,1248,03/28/2020,VA,51,8590563,14.527569380493455
867,Virginia,2020,4,1511,15846,14335,04/28/2020,VA,51,8590563,166.8691563055879
868,Virginia,2020,5,16901,44607,27706,05/28/2020,VA,51,8590563,322.51669651919207
869,Virginia,2020,6,45398,62787,17389,06/28/2020,VA,51,8590563,202.41979483766082
870,Virginia,2020,7,63203,89888,26685,07/28/2020,VA,51,8590563,310.6315616333877
871,Virginia,2020,8,90801,120594,29793,08/28/2020,VA,51,8590563,346.8107969175012
872,Virginia,2020,9,121615,148271,26656,09/28/2020,VA,51,8590563,310.2939818961807
873,Virginia,2020,10,148721,181190,32469,10/28/2020,VA,51,8590563,377.96125818529003
874,Virginia,2020,11,182392,237835,55443,11/28/2020,VA,51,8590563,645.3942541367777
875,Virginia,2020,12,240063,349584,109521,12/28/2020,VA,51,8590563,1274.8989792636407
876,Virginia,2021,1,354766,504779,150013,01/28/2021,VA,51,8590563,1746.2534178493306
877,Virginia,2021,2,507640,576050,68410,02/28/2021,VA,51,8590563,796.3389593906709
878,Virginia,2021,3,577174,618976,41802,03/28/2021,VA,51,8590563,486.6037301629707
879,Virginia,2021,4,620801,659590,38789,04/28/2021,VA,51,8590563,451.5303595352249
880,Virginia,2021,5,660553,675538,14985,05/28/2021,VA,51,8590563,174.43559869126156
881,Virginia,2021,6,675597,680340,4743,06/28/2021,VA,51,8590563,55.21174805423114
882,Virginia,2021,7,680564,694384,13820,07/28/2021,VA,51,8590563,160.87420580001566
883,Virginia,2021,8,694384,766435,72051,08/28/2021,VA,51,8590563,838.7226774310368
887,Washington,2020,3,17,5293,5276,03/28/2020,WA,53,7693612,68.57637219033141
888,Washington,2020,4,5589,14814,9225,04/28/2020,WA,53,7693612,119.9046689643304
889,Washington,2020,5,15134,22814,7680,05/28/2020,WA,53,7693612,99.82307399957263
890,Washington,2020,6,23272,34541,11269,06/28/2020,WA,53,7693612,146.47216417984166
891,Washington,2020,7,35258,58725,23467,07/28/2020,WA,53,7693612,305.01928093072536
892,Washington,2020,8,59648,77718,18070,08/28/2020,WA,53,7693612,234.87017541305696
893,Washington,2020,9,78061,91560,13499,09/28/2020,WA,53,7693612,175.45724946878008
894,Washington,2020,10,92166,112580,20414,10/28/2020,WA,53,7693612,265.3370094566765
895,Washington,2020,11,113109,172175,59066,11/28/2020,WA,53,7693612,767.7278240701506
896,Washington,2020,12,174969,251064,76095,12/28/2020,WA,53,7693612,989.0672937496718
897,Washington,2021,1,251585,315769,64184,01/28/2021,WA,53,7693612,834.2505444776783
898,Washington,2021,2,317703,342644,24941,02/28/2021,WA,53,7693612,324.17803237283084
899,Washington,2021,3,343723,366907,23184,03/28/2021,WA,53,7693612,301.34090463620987
900,Washington,2021,4,368049,404972,36923,04/28/2021,WA,53,7693612,479.9176251674766
901,Washington,2021,5,406546,437500,30954,05/28/2021,WA,53,7693612,402.333780284215
902,Washington,2021,6,438918,453630,14712,06/28/2021,WA,53,7693612,191.22357613043133
903,Washington,2021,7,454087,474520,20433,07/28/2021,WA,53,7693612,265.5839675824567
904,Washington,2021,8,474520,564787,90267,08/28/2021,WA,53,7693612,1173.272059989508
906,West Virginia,2020,3,1,162,161,03/28/2020,WV,54,1784787,9.020684260923012
907,West Virginia,2020,4,191,1126,935,04/28/2020,WV,54,1784787,52.38720362709948
908,West Virginia,2020,5,1152,2010,858,05/28/2020,WV,54,1784787,48.07296332839717
909,West Virginia,2020,6,2028,2904,876,06/28/2020,WV,54,1784787,49.08148703458732
910,West Virginia,2020,7,2979,6642,3663,07/28/2020,WV,54,1784787,205.2345742096956
911,West Virginia,2020,8,6735,10250,3515,08/28/2020,WV,54,1784787,196.94226818102103
912,West Virginia,2020,9,10507,15848,5341,09/28/2020,WV,54,1784787,299.25139526453296
913,West Virginia,2020,10,16024,24460,8436,10/28/2020,WV,54,1784787,472.6614436344505
914,West Virginia,2020,11,24883,47842,22959,11/28/2020,WV,54,1784787,1286.3719872455367
915,West Virginia,2020,12,48818,85334,36516,12/28/2020,WV,54,1784787,2045.9584252910852
916,West Virginia,2021,1,87820,121001,33181,01/28/2021,WV,54,1784787,1859.1013941719657
917,West Virginia,2021,2,121425,131855,10430,02/28/2021,WV,54,1784787,584.3834586424039
918,West Virginia,2021,3,132048,141738,9690,03/28/2021,WV,54,1784787,542.921928499031
919,West Virginia,2021,4,142233,153128,10895,04/28/2021,WV,54,1784787,610.4369877189827
920,West Virginia,2021,5,153498,161287,7789,05/28/2021,WV,54,1784787,436.4106193063934
921,West Virginia,2021,6,161858,164041,2183,06/28/2021,WV,54,1784787,122.31151392294991
922,West Virginia,2021,7,164097,167016,2919,07/28/2021,WV,54,1784787,163.5489276871694
923,West Virginia,2021,8,167016,189690,22674,08/28/2021,WV,54,1784787,1270.4036952308595
926,Wisconsin,2020,3,1,1351,1350,03/28/2020,WI,55,5832655,23.145548639513226
927,Wisconsin,2020,4,1552,6973,5421,04/28/2020,WI,55,5832655,92.94223642577866
928,Wisconsin,2020,5,7439,18684,11245,05/28/2020,WI,55,5832655,192.7938477417231
929,Wisconsin,2020,6,18825,31723,12898,06/28/2020,WI,55,5832655,221.13428618699376
930,Wisconsin,2020,7,32307,57020,24713,07/28/2020,WI,55,5832655,423.7006989098447
931,Wisconsin,2020,8,58064,80733,22669,08/28/2020,WI,55,5832655,388.65662378453726
932,Wisconsin,2020,9,81688,129172,47484,09/28/2020,WI,55,5832655,814.1060974804785
933,Wisconsin,2020,10,132176,237870,105694,10/28/2020,WI,55,5832655,1812.1078651146006
934,Wisconsin,2020,11,241423,411730,170307,11/28/2020,WI,55,5832655,2919.8881127033915
935,Wisconsin,2020,12,416365,520438,104073,12/28/2020,WI,55,5832655,1784.3160618963407
936,Wisconsin,2021,1,522523,592140,69617,01/28/2021,WI,55,5832655,1193.5730812125869
937,Wisconsin,2021,2,592921,617380,24459,02/28/2021,WI,55,5832655,419.3459067954474
938,Wisconsin,2021,3,617700,636250,18550,03/28/2021,WI,55,5832655,318.0369831577558
939,Wisconsin,2021,4,637117,660662,23545,04/28/2021,WI,55,5832655,403.6755131239547
940,Wisconsin,2021,5,661414,674630,13216,05/28/2021,WI,55,5832655,226.58634875541242
941,Wisconsin,2021,6,674693,677833,3140,06/28/2021,WI,55,5832655,53.834831650423354
942,Wisconsin,2021,7,677952,687382,9430,07/28/2021,WI,55,5832655,161.67594345971088
943,Wisconsin,2021,8,687382,734157,46775,08/28/2021,WI,55,5832655,801.950398232023
945,Wyoming,2020,3,1,121,120,03/28/2020,WY,56,582328,20.60694316605075
946,Wyoming,2020,4,138,559,421,04/28/2020,WY,56,582328,72.29602560756138
947,Wyoming,2020,5,566,903,337,05/28/2020,WY,56,582328,57.87116539132585
948,Wyoming,2020,6,910,1487,577,06/28/2020,WY,56,582328,99.08505172342736
949,Wyoming,2020,7,1514,2726,1212,07/28/2020,WY,56,582328,208.13012597711258
950,Wyoming,2020,8,2769,3842,1073,08/28/2020,WY,56,582328,184.26041680977045
951,Wyoming,2020,9,3866,5948,2082,09/28/2020,WY,56,582328,357.5304639309805
952,Wyoming,2020,10,6083,13298,7215,10/28/2020,WY,56,582328,1238.9924578588013
953,Wyoming,2020,11,13723,33305,19582,11/28/2020,WY,56,582328,3362.709675646715
954,Wyoming,2020,12,33805,44409,10604,12/28/2020,WY,56,582328,1820.9668777733511
955,Wyoming,2021,1,44409,51912,7503,01/28/2021,WY,56,582328,1288.4491214573231
956,Wyoming,2021,2,52057,54394,2337,02/28/2021,WY,56,582328,401.3202181588384
957,Wyoming,2021,3,54471,56310,1839,03/28/2021,WY,56,582328,315.8014040197277
958,Wyoming,2021,4,56389,58142,1753,04/28/2021,WY,56,582328,301.0330947507247
959,Wyoming,2021,5,58142,60144,2002,05/28/2021,WY,56,582328,343.79250182028
960,Wyoming,2021,6,60364,62290,1926,06/28/2021,WY,56,582328,330.7414378151145
961,Wyoming,2021,7,62353,65127,2774,07/28/2021,WY,56,582328,476.36383618853984
962,Wyoming,2021,8,65127,75136,10009,08/28/2021,WY,56,582328,1718.7907845750162
